1,Lacie,Wonsan,Serbia and Montenegro,FO,Lacie.Wonsan@company.es,Transportation,2015-03-26
2,Sam,Iqaluit,Central African Republic,GI,Sam.Iqaluit@company.es,Hospitality,1999-12-04
3,Nonnah,Dubai,Netherlands Antilles,MQ,Nonnah.Dubai@company.es,Healthcare,2009-08-17
4,Rosanne,Nantes,Kazakhstan,TC,Rosanne.Nantes@company.es,Hospitality,1967-10-21
5,Janey,Kota Bharu,Ecuador,TZ,Janey.Kota Bharu@company.es,Finance,1907-01-14
6,Vanessa,Dhaka,Guinea-Bissau,AI,Vanessa.Dhaka@company.es,Consulting,1931-12-27
7,Addia,Winnipeg,"Iran, Islamic Republic Of",NI,Addia.Winnipeg@company.es,Healthcare,1981-10-10
8,Giustina,Houston,France,EH,Giustina.Houston@company.es,RealEstate,1910-10-26
9,Corry,Salt Lake City,Mayotte,MA,Corry.Salt Lake City@company.es,Transportation,1910-02-14
10,Rani,Dallas,United States Minor Outlying Islands,CI,Rani.Dallas@company.es,Education,2001-11-30
11,Johna,Rosario,Mexico,NO,Johna.Rosario@company.es,Transportation,1999-08-03
12,Margarette,Graz,Bulgaria,NG,Margarette.Graz@company.es,Education,1904-10-26
13,Bobinette,Astana,Afghanistan,TF,Bobinette.Astana@company.es,Finance,1933-06-24
14,Kial,Pago Pago,Guam,KE,Kial.Pago Pago@company.es,Manufacturing,1944-03-16
15,Carmencita,Raleigh,Turkmenistan,NG,Carmencita.Raleigh@company.es,Finance,1936-09-03
16,Zaria,Malabo,RWANDA,TV,Zaria.Malabo@company.es,Transportation,1941-07-26
17,Cathie,Guangzhou,Tokelau,BJ,Cathie.Guangzhou@company.es,Education,1900-10-24
18,Elvira,Francistown,Lebanon,AE,Elvira.Francistown@company.es,Hospitality,1971-06-29
19,Ayn,Ankara,United States,MD,Ayn.Ankara@company.es,Technology,2016-02-12
20,Frances,Munich,"Macedonia, The Former Yugoslav Republic of",NZ,Frances.Munich@company.es,Transportation,1975-12-19
21,Iseabal,Kota Bharu,Mexico,KW,Iseabal.Kota Bharu@company.es,Transportation,1982-04-29
22,Georgina,Puebla,Latvia,JO,Georgina.Puebla@company.es,Healthcare,1970-12-08
23,Maye,Singapore,Greece,SM,Maye.Singapore@company.es,Retail,1933-07-12
24,Shandie,Bloemfontein,Brunei Darussalam,RO,Shandie.Bloemfontein@company.es,Finance,1998-12-13
25,Goldie,Charlotte Amalie,Antarctica,KH,Goldie.Charlotte Amalie@company.es,Retail,1945-03-03
26,Eugine,Norilsk,Trinidad and Tobago,NO,Eugine.Norilsk@company.es,Manufacturing,1962-05-13
27,Dolli,Skopje,Afghanistan,KZ,Dolli.Skopje@company.es,Education,1973-02-14
28,Sophia,Khartoum,Holy See (Vatican City State),TV,Sophia.Khartoum@company.es,Consulting,1914-04-05
29,Florie,Fortaleza,Gambia,GP,Florie.Fortaleza@company.es,Education,2002-04-29
30,Lyssa,Qingdao,Georgia,MS,Lyssa.Qingdao@company.es,RealEstate,1996-08-13
31,Laurene,Karachi,United Kingdom,TV,Laurene.Karachi@company.es,Education,2000-05-01
32,Ileana,Ndola,Suriname,LR,Ileana.Ndola@company.es,Retail,1906-11-17
33,Lynde,The Valley,Cuba,MP,Lynde.The Valley@company.es,RealEstate,1919-08-26
34,Dennie,Lima,Romania,LA,Dennie.Lima@company.es,Technology,1906-03-31
35,Robbi,Cuiabá,Eritrea,ST,Robbi.Cuiabá@company.es,Consulting,1987-06-03
36,Max,Bulawayo,"Congo, The Democratic Republic of the",BF,Max.Bulawayo@company.es,Healthcare,1987-10-29
37,Claresta,Cleveland,Morocco,SY,Claresta.Cleveland@company.es,Finance,1983-01-10
38,Lisette,Samara,Cape Verde,EG,Lisette.Samara@company.es,Consulting,1944-10-13
39,Jan,Bandung,United Kingdom,UZ,Jan.Bandung@company.es,Technology,1919-07-03
40,Peri,Mamoudzou,Turkmenistan,EE,Peri.Mamoudzou@company.es,Technology,1993-10-06
41,Minne,Sydney,"Korea, Republic of",NC,Minne.Sydney@company.es,Consulting,2018-04-15
42,Roz,Medina,Venezuela,DO,Roz.Medina@company.es,RealEstate,1902-05-21
43,Heida,Belize City,Iraq,QA,Heida.Belize City@company.es,Consulting,1946-05-20
44,Annice,Castries,Georgia,BT,Annice.Castries@company.es,RealEstate,1915-09-22
45,Tatiania,Invercargill,"Iran, Islamic Republic Of",DO,Tatiania.Invercargill@company.es,Healthcare,1925-09-15
46,Harrietta,Alofi,Norway,GA,Harrietta.Alofi@company.es,Consulting,1954-09-17
47,Mady,Pattaya,Algeria,SH,Mady.Pattaya@company.es,Technology,1963-06-07
48,Florencia,Harare,New Caledonia,NZ,Florencia.Harare@company.es,Hospitality,1987-04-12
49,Brynna,Valletta,Argentina,BN,Brynna.Valletta@company.es,Consulting,2003-12-13
50,Joeann,Port Hedland,France,PM,Joeann.Port Hedland@company.es,Manufacturing,1921-11-26
51,Britni,Detroit,Iraq,KN,Britni.Detroit@company.es,Retail,1917-08-25
52,Carmencita,Shigatse,Turkmenistan,KR,Carmencita.Shigatse@company.es,Consulting,1941-03-20
53,Mathilda,Hanga Roa,Mozambique,SL,Mathilda.Hanga Roa@company.es,RealEstate,1933-10-08
54,Heida,Gaziantep,Saint Lucia,HT,Heida.Gaziantep@company.es,Manufacturing,1905-01-17
55,Flory,Xi'an,Singapore,YT,Flory.Xi'an@company.es,Education,1953-08-24
56,Paola,Miri,Mali,EE,Paola.Miri@company.es,Consulting,1974-05-21
57,Leeanne,Peshawar,AndorrA,RO,Leeanne.Peshawar@company.es,Finance,1936-02-25
58,Lorne,Freetown,Saint Helena,IR,Lorne.Freetown@company.es,Retail,2005-02-04
59,Verla,Hargeisa,Bermuda,MT,Verla.Hargeisa@company.es,Hospitality,1934-06-06
60,Mallory,Lagos,Cape Verde,IO,Mallory.Lagos@company.es,Manufacturing,1942-11-30
61,Carilyn,Taiyuan,Benin,SE,Carilyn.Taiyuan@company.es,Consulting,1994-06-03
62,Lusa,Shillong,Slovenia,GI,Lusa.Shillong@company.es,Retail,1957-08-28
63,Lusa,Sitka,Ireland,UG,Lusa.Sitka@company.es,Transportation,1984-05-04
64,Bibby,Ashgabat,Seychelles,CI,Bibby.Ashgabat@company.es,Manufacturing,1958-03-19
65,Jere,Lomé,Bahamas,NC,Jere.Lomé@company.es,Finance,1909-02-07
66,Mady,Gaziantep,"Korea, Democratic People""S Republic of",HM,Mady.Gaziantep@company.es,Healthcare,1967-10-19
67,Desirae,Valencia,Guinea-Bissau,LT,Desirae.Valencia@company.es,Transportation,1949-10-24
68,Brandise,Chicago,Ecuador,BV,Brandise.Chicago@company.es,Education,1977-08-21
69,Jany,Conakry,Comoros,IT,Jany.Conakry@company.es,Education,1965-02-11
70,Petronia,Raleigh,Kyrgyzstan,BM,Petronia.Raleigh@company.es,Consulting,1904-09-18
71,Alyssa,Bilbao,Mauritius,SA,Alyssa.Bilbao@company.es,Healthcare,1978-11-02
72,Donetta,Hilo,Belgium,ZM,Donetta.Hilo@company.es,RealEstate,2009-08-28
73,Leontine,Fort-de-France,"Macedonia, The Former Yugoslav Republic of",IL,Leontine.Fort-de-France@company.es,Manufacturing,1940-12-29
74,Rosaline,Lahore,Jersey,SJ,Rosaline.Lahore@company.es,Finance,1954-12-06
75,Dorthy,Auckland,Niger,AG,Dorthy.Auckland@company.es,Manufacturing,1904-05-21
76,Valli,Tokyo,Western Sahara,CX,Valli.Tokyo@company.es,RealEstate,2015-11-23
77,Lizzie,Nouméa,Cuba,PT,Lizzie.Nouméa@company.es,Healthcare,1917-09-03
78,Tarra,Madrid,Czech Republic,SI,Tarra.Madrid@company.es,Technology,1962-12-31
79,Kaia,Nagpur,Nigeria,KY,Kaia.Nagpur@company.es,Technology,1919-11-24
80,Fawne,Guatemala City,Gambia,KY,Fawne.Guatemala City@company.es,Manufacturing,1977-01-17
81,Madalyn,Bratsk,Brunei Darussalam,UA,Madalyn.Bratsk@company.es,Manufacturing,1969-09-15
82,Marcelline,Lusaka,Timor-Leste,MY,Marcelline.Lusaka@company.es,Technology,1981-03-09
83,Helsa,Las Vegas,Montserrat,BZ,Helsa.Las Vegas@company.es,Healthcare,1934-05-11
84,Danny,Patna,Cameroon,AT,Danny.Patna@company.es,RealEstate,1961-08-24
85,Grier,Amman,Lithuania,CU,Grier.Amman@company.es,Retail,2010-01-06
86,Celestyna,Athens,Guernsey,TN,Celestyna.Athens@company.es,Retail,1999-09-05
87,Agnese,Las Vegas,Pitcairn,AQ,Agnese.Las Vegas@company.es,Hospitality,1976-02-24
88,Elie,Brikama,El Salvador,GG,Elie.Brikama@company.es,Consulting,2016-07-29
89,Madeleine,Hong Kong,Costa Rica,BR,Madeleine.Hong Kong@company.es,RealEstate,1899-11-17
90,Mathilda,Leipzig,Serbia and Montenegro,RE,Mathilda.Leipzig@company.es,Hospitality,1990-02-20
91,Brianna,Mandurah,Isle of Man,TD,Brianna.Mandurah@company.es,Transportation,1956-09-16
92,Joelly,Budapest,Poland,CU,Joelly.Budapest@company.es,Transportation,1975-12-11
93,Dulcinea,Shanghai,Russian Federation,CH,Dulcinea.Shanghai@company.es,Education,1924-03-22
94,Hope,Conakry,United States,CO,Hope.Conakry@company.es,Manufacturing,1993-05-05
95,Larine,Hamilton,Tonga,WF,Larine.Hamilton@company.es,Hospitality,1910-08-13
96,Gretal,Zamboanga City,Mayotte,PT,Gretal.Zamboanga City@company.es,Education,1935-07-01
97,Carmencita,Lanzhou,Cook Islands,MN,Carmencita.Lanzhou@company.es,Healthcare,1953-02-18
98,Caressa,Makassar,Cambodia,ER,Caressa.Makassar@company.es,Healthcare,1964-02-07
99,Tori,Damascus,Sweden,BD,Tori.Damascus@company.es,Education,1943-11-05
100,Basia,Hyderabad,Egypt,LY,Basia.Hyderabad@company.es,Consulting,1977-08-05