1,Anestassia,Granoff,Banjul,Seychelles,UA,Anestassia.Granoff@email.es,HR Specialist,1956-10-26												
2,Stevana,Hourigan,Gaziantep,Cape Verde,DE,Stevana.Hourigan@email.es,Operations Manager,1940-02-24												
3,Tabbatha,Colleen,San Francisco,Uzbekistan,MK,Tabbatha.Colleen@email.es,IT Specialist,2004-04-15												
4,Hettie,Gerge,Sydney,Lithuania,EH,Hettie.Gerge@email.es,IT Specialist,1968-01-08												
5,Marguerite,Shields,Kaohsiung,Portugal,GN,Marguerite.Shields@email.es,Marketing Specialist,1974-10-21												
6,Etta,Durante,Denver,Liberia,SC,Etta.Durante@email.es,Developer,1971-11-05												
7,Ashlee,Paton,Regina,Peru,SV,Ashlee.Paton@email.es,Developer,1988-12-07												
8,Joceline,Seumas,Cockburn Town,Gabon,AI,Joceline.Seumas@email.es,HR Specialist,2005-05-24												
9,Kaia,Jaylene,Gaborone,Guinea-Bissau,DE,Kaia.Jaylene@email.es,Financial Analyst,1997-11-18												
10,Elise,Wooster,Yerevan,Qatar,US,Elise.Wooster@email.es,Marketing Specialist,1989-08-08												
11,Millie,Pacorro,Naples,Oman,CC,Millie.Pacorro@email.es,IT Specialist,1963-10-29												
12,Larine,Donoghue,Toronto,Latvia,IE,Larine.Donoghue@email.es,Financial Analyst,2005-10-01												
13,Sindee,Rossner,Philadelphia,Hong Kong,KI,Sindee.Rossner@email.es,Financial Analyst,1949-03-25												
14,Addia,Jacqui,Cologne,Guatemala,MD,Addia.Jacqui@email.es,Manager,2000-04-13												
15,Beverley,Iiette,Batticaloa,Malawi,IS,Beverley.Iiette@email.es,Marketing Specialist,1959-02-01												
16,Norine,Sibyls,Belmopan,Mongolia,VI,Norine.Sibyls@email.es,Developer,1975-07-30												
17,Trudie,O'Rourke,Ankara,United Arab Emirates,UG,Trudie.O'Rourke@email.es,HR Specialist,1993-12-13												
18,Corina,Blase,Brikama,Suriname,KI,Corina.Blase@email.es,IT Specialist,1970-08-12												
19,Amara,Wildermuth,Istanbul,Fiji,LR,Amara.Wildermuth@email.es,Operations Manager,1976-08-14												
20,Cyb,McCutcheon,Tashkent,Ghana,TT,Cyb.McCutcheon@email.es,Financial Analyst,1960-01-11												
21,Sean,Brian,Copenhagen,Nigeria,CC,Sean.Brian@email.es,Developer,1944-12-09												
22,Micheline,Christal,Enugu,Colombia,BM,Micheline.Christal@email.es,Sales Representative,1963-05-06												
23,Ariela,Toni,Banda Aceh,Netherlands,VG,Ariela.Toni@email.es,Customer Service Representative,1969-09-03												
24,Hope,Wesle,Shijiazhuang,Morocco,MG,Hope.Wesle@email.es,IT Specialist,1959-03-31												
25,Jeanna,Malina,Dodoma,Switzerland,ID,Jeanna.Malina@email.es,Sales Representative,1942-07-27												
26,Zia,Arvo,Quetzaltenango,Poland,VC,Zia.Arvo@email.es,HR Specialist,1961-04-05												
27,Marnia,Faro,Naples,Turks and Caicos Islands,TM,Marnia.Faro@email.es,IT Specialist,1975-11-25												
28,Gloria,Trace,Vancouver,Pitcairn,NP,Gloria.Trace@email.es,Operations Manager,1976-12-25												
29,Anestassia,Howlyn,Arbil,Bahamas,IM,Anestassia.Howlyn@email.es,Operations Manager,1945-07-31												
30,Abbie,Cullin,Louisville,Azerbaijan,DE,Abbie.Cullin@email.es,Developer,2002-07-17												
31,Paule,O'Neill,Sarajevo,Bangladesh,TO,Paule.O'Neill@email.es,Customer Service Representative,1998-01-27												
32,Diena,Reneta,Calgary,Monaco,BM,Diena.Reneta@email.es,Marketing Specialist,1961-11-17												
33,Alameda,Toni,Islamabad,Mayotte,JE,Alameda.Toni@email.es,Financial Analyst,1966-07-20												
34,Judy,Shirberg,San Juan,Greece,SK,Judy.Shirberg@email.es,HR Specialist,1954-07-24												
35,Edee,Dreda,Bridgetown,Serbia and Montenegro,GH,Edee.Dreda@email.es,Sales Representative,1955-08-21												
36,Lucille,Kronfeld,Bujumbura,Niger,BI,Lucille.Kronfeld@email.es,Financial Analyst,1977-08-23												
37,Adriana,Alisia,Hilo,Japan,SZ,Adriana.Alisia@email.es,HR Specialist,1954-08-12												
38,Lorenza,Marisa,Tskhinvali,Chad,GM,Lorenza.Marisa@email.es,Sales Representative,1974-10-14												
39,Lila,Erich,Kaesong,Italy,CD,Lila.Erich@email.es,HR Specialist,1948-01-28												
40,Shandie,Milde,Melekeok,"Moldova, Republic of",KW,Shandie.Milde@email.es,Financial Analyst,1993-07-14												
41,Penelopa,Izaak,Nouakchott,Netherlands,RE,Penelopa.Izaak@email.es,Accountant,1950-10-28												
42,Caressa,Anselmi,Kaohsiung,Japan,SM,Caressa.Anselmi@email.es,Financial Analyst,1956-12-16												
43,Katuscha,Skurnik,Townsville,Kiribati,US,Katuscha.Skurnik@email.es,IT Specialist,1999-01-08												
44,Rivalee,Judye,Baghdad,Samoa,ZM,Rivalee.Judye@email.es,Accountant,1972-09-22												
45,Lenna,Rillings,Adana,Ghana,HM,Lenna.Rillings@email.es,Manager,1997-12-29												
46,Mara,Kiersten,Doha,Syrian Arab Republic,NO,Mara.Kiersten@email.es,Customer Service Representative,1940-03-04												
47,Dorothy,Keelia,Portland,Seychelles,GW,Dorothy.Keelia@email.es,Customer Service Representative,1989-11-02												
48,Fayre,Milde,San Fernando,United Arab Emirates,JM,Fayre.Milde@email.es,Manager,1950-07-26												
49,Paola,Markman,Ottawa,Cyprus,CZ,Paola.Markman@email.es,Marketing Specialist,1981-10-04												
50,Orsola,Fontana,Budapest,Palau,NZ,Orsola.Fontana@email.es,Sales Representative,1993-04-15												
51,Georgina,Gibbeon,Minneapolis,Netherlands Antilles,SV,Georgina.Gibbeon@email.es,Customer Service Representative,1968-10-01												
52,Elsie,Grimbly,Libreville,Comoros,RW,Elsie.Grimbly@email.es,Customer Service Representative,1983-06-14												
53,Sybille,Revkah,Kota Bharu,Kiribati,KE,Sybille.Revkah@email.es,Manager,1978-05-25												
54,Jobi,Ursulette,Luanda,Jamaica,RO,Jobi.Ursulette@email.es,Operations Manager,1953-02-12												
55,Jennica,Lorenz,Shijiazhuang,Venezuela,TM,Jennica.Lorenz@email.es,IT Specialist,1994-04-06												
56,Brietta,Douglass,Geelong,"Virgin Islands, British",NC,Brietta.Douglass@email.es,HR Specialist,1959-10-16												
57,Carly,Morrill,Bern,Bosnia and Herzegovina,AD,Carly.Morrill@email.es,Operations Manager,1982-11-14												
58,Ileana,O'Neill,Port Blair,Pitcairn,EH,Ileana.O'Neill@email.es,Manager,1983-07-23												
59,Hope,Malina,Nanjing,Croatia,MQ,Hope.Malina@email.es,Manager,1967-01-20												
60,Dorothy,Wareing,Rio Branco,Gambia,BW,Dorothy.Wareing@email.es,Financial Analyst,1943-03-19												
61,Edee,Japeth,Seville,Mayotte,BA,Edee.Japeth@email.es,Manager,2001-06-23												
62,Wanda,Gilbertson,Kuala Lumpur,French Polynesia,WF,Wanda.Gilbertson@email.es,IT Specialist,1992-10-03												
63,Dorothy,Muriel,Belém,Uzbekistan,CZ,Dorothy.Muriel@email.es,Financial Analyst,1963-02-02												
64,Anestassia,Ricki,Darwin,Ukraine,MW,Anestassia.Ricki@email.es,Sales Representative,1959-01-02												
65,Rhoda,Salvidor,Libreville,French Guiana,HN,Rhoda.Salvidor@email.es,Financial Analyst,1980-11-16												
66,Bertine,Shields,Mashhad,Portugal,GM,Bertine.Shields@email.es,Financial Analyst,1993-10-13												
67,Sherrie,Sancho,Rockhampton,Turkmenistan,AN,Sherrie.Sancho@email.es,IT Specialist,2001-05-18												
68,Blondelle,Maryanne,Incheon,Somalia,YE,Blondelle.Maryanne@email.es,Sales Representative,1976-03-07												
69,Rebeca,Fredi,Chongqing,Angola,GS,Rebeca.Fredi@email.es,HR Specialist,1940-05-06												
70,Berget,Parette,Antofagasta,Bolivia,BH,Berget.Parette@email.es,Marketing Specialist,1948-06-28												
71,Heida,Fennessy,Porto-Novo,Libyan Arab Jamahiriya,NC,Heida.Fennessy@email.es,Financial Analyst,1947-05-20												
72,Gwenneth,Shaddock,Kharkiv,Philippines,GM,Gwenneth.Shaddock@email.es,Sales Representative,1988-04-15												
73,Deedee,Joni,Mandurah,Lesotho,CL,Deedee.Joni@email.es,Accountant,1995-02-16												
74,Meg,Wareing,Srinagar,Falkland Islands (Malvinas),SC,Meg.Wareing@email.es,Developer,1981-12-18												
75,Sandie,Kravits,São José dos Campos,Cook Islands,UG,Sandie.Kravits@email.es,Financial Analyst,1950-12-06												
76,Linzy,Cristi,Tucson,Malaysia,MX,Linzy.Cristi@email.es,HR Specialist,1944-09-01												
77,Brena,Daniele,Taipei,Switzerland,KR,Brena.Daniele@email.es,Sales Representative,1950-06-26												
78,Aurore,Hebner,Rio de Janeiro,Central African Republic,ES,Aurore.Hebner@email.es,Accountant,1998-06-20												
79,Talya,Schenck,Tbilisi,Malta,GE,Talya.Schenck@email.es,Financial Analyst,1966-08-19												
80,Bobbi,Judye,Concepción,French Southern Territories,ML,Bobbi.Judye@email.es,Developer,1973-07-31												
81,Alejandra,Argus,Manila,Antigua and Barbuda,MA,Alejandra.Argus@email.es,Operations Manager,1952-12-23												
82,Jordan,Giff,Chaguanas,Congo,ER,Jordan.Giff@email.es,HR Specialist,2005-09-27												
83,Rani,Suzetta,Basra,Gambia,CC,Rani.Suzetta@email.es,HR Specialist,1989-06-04												
84,Rayna,Duwalt,Guatemala City,Chad,PA,Rayna.Duwalt@email.es,IT Specialist,1973-11-16												
85,Lelah,Tengdin,Johor Bahru,Jordan,GL,Lelah.Tengdin@email.es,HR Specialist,1976-05-09												
86,Farrah,Kristi,Damascus,Norfolk Island,AU,Farrah.Kristi@email.es,Sales Representative,2001-10-28												
87,Candi,Read,Canberra,Cyprus,LY,Candi.Read@email.es,Marketing Specialist,1974-03-03												
88,Nariko,Modie,Suez,Jamaica,MT,Nariko.Modie@email.es,Developer,1987-01-06												
89,Bill,Cassius,Dushanbe,Sudan,IS,Bill.Cassius@email.es,Developer,1952-06-16												
90,Kate,Natalia,Geneva,Hong Kong,DK,Kate.Natalia@email.es,Sales Representative,1963-02-07												
91,Goldie,Hailee,Rotterdam,Turkmenistan,IM,Goldie.Hailee@email.es,HR Specialist,2000-09-28												
92,Claresta,Erich,Gaziantep,Brazil,AE,Claresta.Erich@email.es,Sales Representative,1993-05-26												
93,Ermengarde,Codding,Hobart,Poland,MS,Ermengarde.Codding@email.es,Manager,1940-07-14												
94,Melina,Meli,Pontianak,Russian Federation,MW,Melina.Meli@email.es,Operations Manager,1991-05-21												
95,Cacilie,Carlson,Kyoto,Albania,KN,Cacilie.Carlson@email.es,Customer Service Representative,1972-04-20												
96,Isa,Alarise,Kano,Guinea,CZ,Isa.Alarise@email.es,Financial Analyst,1998-05-09												
97,Ardenia,Ahab,Zürich,Turkmenistan,RE,Ardenia.Ahab@email.es,Marketing Specialist,1956-10-11												
98,Shel,Morehouse,Kathmandu,Mozambique,PS,Shel.Morehouse@email.es,Financial Analyst,1974-11-05												
99,Joleen,Rese,Freetown,Holy See (Vatican City State),PK,Joleen.Rese@email.es,Sales Representative,1953-09-15												
100,Ginnie,Luhe,Busan,Somalia,SG,Ginnie.Luhe@email.es,Financial Analyst,1981-08-23												
101,Albertina,Destinee,Santiago,Estonia,ST,Albertina.Destinee@email.es,Manager,1991-04-25												
102,Sherrie,Zaslow,Stuttgart,Greece,GB,Sherrie.Zaslow@email.es,Developer,1946-12-27												
103,Roz,Nore,Puerto Williams,"Iran, Islamic Republic Of",FI,Roz.Nore@email.es,IT Specialist,1985-07-09												
104,Babita,Loeb,Dammam,Cuba,LC,Babita.Loeb@email.es,Developer,1969-07-30												
105,Jean,Natica,La Paz,Italy,SG,Jean.Natica@email.es,Marketing Specialist,1962-09-18												
106,Mary,Ahab,Lusaka,Niue,QA,Mary.Ahab@email.es,Sales Representative,1975-10-22												
107,Chrystel,McNully,Horta (Azores),Falkland Islands (Malvinas),EG,Chrystel.McNully@email.es,Marketing Specialist,1965-11-23												
108,Georgetta,Rozanna,Malacca Town,Benin,FJ,Georgetta.Rozanna@email.es,Financial Analyst,1953-07-01												
109,Ellette,Cleavland,Vaduz,Zambia,MM,Ellette.Cleavland@email.es,Operations Manager,2003-11-14												
110,Lenna,Alcott,Rochester,Armenia,MZ,Lenna.Alcott@email.es,Manager,1978-06-22												
111,Annice,Hedve,Novosibirsk,Holy See (Vatican City State),MA,Annice.Hedve@email.es,Accountant,1967-06-12												
112,Antonietta,Tengdin,Nanning,"Virgin Islands, U.S.",TR,Antonietta.Tengdin@email.es,Sales Representative,1967-01-14												
113,Stephanie,Lipson,Fairbanks,Heard Island and Mcdonald Islands,MN,Stephanie.Lipson@email.es,Accountant,1996-10-07												
114,Marguerite,Ricarda,Dublin,Zambia,TN,Marguerite.Ricarda@email.es,Marketing Specialist,1956-09-18												
115,Patricia,Hurley,Wollongong,New Caledonia,GP,Patricia.Hurley@email.es,Accountant,1994-12-10												
116,Abbie,Mich,Havana,Peru,SI,Abbie.Mich@email.es,Developer,1995-10-28												
117,Alex,Raimondo,Willemstad,Niue,BN,Alex.Raimondo@email.es,Financial Analyst,1947-09-08												
118,Fanchon,Firmin,Chongjin,Aruba,CD,Fanchon.Firmin@email.es,Manager,1960-09-09												
119,Ottilie,Marcellus,Livingstone,Cape Verde,AM,Ottilie.Marcellus@email.es,Operations Manager,1982-05-08												
120,Gilligan,Sheedy,Sarajevo,"Tanzania, United Republic of",GP,Gilligan.Sheedy@email.es,Manager,1979-08-09												
121,Margette,Goode,Liverpool,United States,KP,Margette.Goode@email.es,Accountant,1942-06-07												
122,Dolli,Adrienne,Bamako,Togo,SY,Dolli.Adrienne@email.es,Customer Service Representative,1951-11-22												
123,Elfreda,Stover,Porto Alegre,Yemen,KR,Elfreda.Stover@email.es,Financial Analyst,1974-05-29												
124,Oralee,Zeeba,Veracruz,San Marino,LK,Oralee.Zeeba@email.es,IT Specialist,1970-02-05												
125,Zondra,Suk,Basse-Terre,New Caledonia,GS,Zondra.Suk@email.es,Manager,1943-02-12												
126,Hyacinthe,Annabella,Petropavlovsk-Kamchatsky,Philippines,AN,Hyacinthe.Annabella@email.es,Manager,1969-11-10												
127,Corly,Hermes,Serekunda,Tuvalu,PW,Corly.Hermes@email.es,IT Specialist,1975-10-19												
128,Dari,Johnsson,Christchurch,Sao Tome and Principe,HT,Dari.Johnsson@email.es,Accountant,1988-04-23												
129,Lisette,Arathorn,Hangzhou,South Africa,UA,Lisette.Arathorn@email.es,Financial Analyst,1964-03-26												
130,Sheelagh,Orlene,Malé,Germany,BY,Sheelagh.Orlene@email.es,Marketing Specialist,1985-12-09												
131,Feliza,Jacinda,Tampa,Reunion,GM,Feliza.Jacinda@email.es,Operations Manager,1977-10-18												
132,Marjie,Rona,Horta (Azores),Switzerland,HK,Marjie.Rona@email.es,Manager,1975-10-27												
133,Annora,Jena,Okinawa,Bolivia,BH,Annora.Jena@email.es,HR Specialist,1941-05-07												
134,Elmira,Blase,Panama City,Qatar,SZ,Elmira.Blase@email.es,Accountant,1999-09-20												
135,Frances,Jorgan,San Salvador,Papua New Guinea,GR,Frances.Jorgan@email.es,Financial Analyst,1982-02-23												
136,Isa,Simmonds,Pekanbaru,French Polynesia,BY,Isa.Simmonds@email.es,IT Specialist,1941-03-08												
137,Aurore,Birdella,Berlin,Hong Kong,MP,Aurore.Birdella@email.es,Operations Manager,1993-09-27												
138,Molli,Nance,Abu Dhabi,Liberia,SB,Molli.Nance@email.es,IT Specialist,2005-12-22												
139,Pollyanna,Han,Algiers,Latvia,NP,Pollyanna.Han@email.es,Developer,1981-10-18												
140,Gisela,Schwejda,Francistown,Burkina Faso,VU,Gisela.Schwejda@email.es,Accountant,1998-02-02												
141,Lindie,Pearse,Mersin,Monaco,NA,Lindie.Pearse@email.es,Manager,1982-12-06												
142,Cherrita,Tjon,Kraków,Malawi,EE,Cherrita.Tjon@email.es,Financial Analyst,1980-11-15												
143,Cindelyn,Wattenberg,Brussels,Kenya,KR,Cindelyn.Wattenberg@email.es,Marketing Specialist,1948-04-26												
144,Carmela,Raychel,San Carlos de Bariloche,"Tanzania, United Republic of",TZ,Carmela.Raychel@email.es,Marketing Specialist,1979-07-22												
145,Kary,Sharl,Yellowknife,Papua New Guinea,SN,Kary.Sharl@email.es,HR Specialist,1977-06-09												
146,Xylina,Newell,Vladivostok,Cambodia,BA,Xylina.Newell@email.es,HR Specialist,1952-11-10												
147,Cristine,Blase,Atlanta,Uzbekistan,PR,Cristine.Blase@email.es,Customer Service Representative,1999-07-10												
148,Dotty,Carri,Gdańsk,British Indian Ocean Territory,AU,Dotty.Carri@email.es,Accountant,1981-10-07												
149,Beth,Papageno,Strasbourg,French Guiana,NF,Beth.Papageno@email.es,HR Specialist,1972-12-17												
150,Selma,Zetta,Batticaloa,Sri Lanka,MO,Selma.Zetta@email.es,Accountant,2002-10-30												
151,Max,Gavrila,Montreal,Mayotte,TN,Max.Gavrila@email.es,HR Specialist,1949-02-13												
152,Justinn,Faso,Boston,Morocco,IO,Justinn.Faso@email.es,HR Specialist,1947-07-09												
153,Emmey,Joseph,Ilhéus,China,VN,Emmey.Joseph@email.es,Sales Representative,1950-11-13												
154,Sindee,Melony,Mogadishu,Norway,KM,Sindee.Melony@email.es,Accountant,2005-12-15												
155,Mariele,Pandolfi,Linz,Malta,HM,Mariele.Pandolfi@email.es,Financial Analyst,1942-04-21												
156,Pierette,Nea,Faisalabad,Comoros,EH,Pierette.Nea@email.es,IT Specialist,1998-06-01												
157,Lorne,Buckler,Gothenburg,Benin,WS,Lorne.Buckler@email.es,Operations Manager,1985-10-20												
158,Melisent,Grosz,Iquique,French Polynesia,UA,Melisent.Grosz@email.es,Manager,1979-09-19												
159,Jillayne,Maxi,Mexicali,Oman,GM,Jillayne.Maxi@email.es,Operations Manager,1978-01-06												
160,Laure,Breed,Iqaluit,Panama,KR,Laure.Breed@email.es,Operations Manager,1993-12-27												
161,Magdalena,Weide,Abidjan,Czech Republic,SY,Magdalena.Weide@email.es,Financial Analyst,2002-02-12												
162,Kaja,Flita,Handan,Jersey,MN,Kaja.Flita@email.es,Manager,1964-04-01												
163,Nonnah,Garlinda,Minneapolis,Myanmar,AX,Nonnah.Garlinda@email.es,Developer,1962-01-16												
164,Winifred,Leler,Auckland,Aruba,SN,Winifred.Leler@email.es,HR Specialist,1993-06-04												
165,Gloria,Carbo,Cape Town,Kazakhstan,RO,Gloria.Carbo@email.es,HR Specialist,1996-01-04												
166,Emylee,Manolo,Veracruz,Togo,CA,Emylee.Manolo@email.es,Developer,1989-11-09												
167,Anallese,Connelly,South Tarawa,Netherlands,BN,Anallese.Connelly@email.es,Operations Manager,1973-05-11												
168,Daune,McAdams,Chaguanas,Reunion,SK,Daune.McAdams@email.es,Developer,1979-08-03												
169,Mireielle,Erb,Bissau,Nauru,CU,Mireielle.Erb@email.es,Customer Service Representative,2002-09-01												
170,Shannah,Pierette,Nantes,Serbia and Montenegro,RE,Shannah.Pierette@email.es,Operations Manager,2000-03-11												
171,Joeann,Myrilla,Apia,Jordan,TZ,Joeann.Myrilla@email.es,HR Specialist,2005-11-10												
172,Sadie,Shirberg,Lucknow,Comoros,FI,Sadie.Shirberg@email.es,IT Specialist,1990-05-20												
173,Jobi,Talia,Chişinău,Chile,TZ,Jobi.Talia@email.es,Developer,2002-10-25												
174,Melanie,Serilda,Singapore,Italy,ST,Melanie.Serilda@email.es,Developer,1996-10-03												
175,Jemie,Brittani,Albuquerque,French Guiana,IO,Jemie.Brittani@email.es,Manager,2005-07-18												
176,Lanae,Edmund,Porto-Novo,Belarus,HK,Lanae.Edmund@email.es,Financial Analyst,1943-11-01												
177,Ezmeralda,Kauppi,Kawasaki,Guam,SV,Ezmeralda.Kauppi@email.es,IT Specialist,1980-11-28												
178,Jillayne,Engdahl,Koulikoro,Liberia,GU,Jillayne.Engdahl@email.es,Financial Analyst,1962-06-26												
179,Ivett,Sharl,Willemstad,Mauritania,HU,Ivett.Sharl@email.es,Developer,1978-08-20												
180,Lyssa,Kevon,Veracruz,Anguilla,IO,Lyssa.Kevon@email.es,Manager,2000-11-03												
181,Cristine,Dituri,Taipei,Turkey,HM,Cristine.Dituri@email.es,Accountant,1941-07-27												
182,Annaliese,Flyn,Murmansk,"Cote D""Ivoire",IQ,Annaliese.Flyn@email.es,Developer,1984-10-28												
183,Belva,Ciapas,Asmara,Uruguay,IO,Belva.Ciapas@email.es,Accountant,1987-10-27												
184,Caritta,Justinn,Beijing,Burkina Faso,LU,Caritta.Justinn@email.es,Developer,2001-12-10												
185,Deloria,Mallon,Cuiabá,Timor-Leste,CL,Deloria.Mallon@email.es,Financial Analyst,1962-08-09												
186,Ronna,Meli,Nukuʻalofa,Norway,LT,Ronna.Meli@email.es,IT Specialist,1980-08-08												
187,Ermengarde,Lacombe,Johannesburg,Niue,NE,Ermengarde.Lacombe@email.es,Operations Manager,1952-09-26												
188,Brooks,Wareing,Tripoli,Belize,CG,Brooks.Wareing@email.es,Developer,1980-12-08												
189,Queenie,Kiersten,Quezon City,Uganda,CL,Queenie.Kiersten@email.es,HR Specialist,1969-05-18												
190,Rosabelle,Garlinda,Sabha,Lesotho,GU,Rosabelle.Garlinda@email.es,Customer Service Representative,1971-02-05												
191,Larine,Stefa,San Francisco,Kazakhstan,KH,Larine.Stefa@email.es,HR Specialist,1950-01-28												
192,Hettie,Vivle,Belfast,"Korea, Republic of",TC,Hettie.Vivle@email.es,Operations Manager,1999-03-18												
193,Winny,Albertine,Yaren District,United States,GT,Winny.Albertine@email.es,Financial Analyst,1948-07-14												
194,Valeda,Emmy,Port Said,French Guiana,SO,Valeda.Emmy@email.es,Developer,1965-04-10												
195,Concettina,Corilla,Anchorage,Russian Federation,PG,Concettina.Corilla@email.es,Customer Service Representative,1958-02-09												
196,Jordan,Minetta,Wellington,Finland,UY,Jordan.Minetta@email.es,Operations Manager,1956-03-18												
197,Rubie,Stilwell,Saint Petersburg,Guinea-Bissau,JO,Rubie.Stilwell@email.es,Sales Representative,1975-05-29												
198,Tracey,Kaja,Kathmandu,Puerto Rico,HM,Tracey.Kaja@email.es,Accountant,1989-09-07												
199,Hyacinthe,Brittani,Colombo,Turks and Caicos Islands,WF,Hyacinthe.Brittani@email.es,Sales Representative,1946-01-15												
200,Fanny,Guildroy,Pyongyang,Viet Nam,ZM,Fanny.Guildroy@email.es,IT Specialist,1956-04-17												
201,Ayn,Regan,Monrovia,Zambia,BO,Ayn.Regan@email.es,Sales Representative,1975-11-02												
202,Kerrin,Lane,Medina,"Cote D""Ivoire",MZ,Kerrin.Lane@email.es,Accountant,1951-12-28												
203,Goldie,Millda,San Diego,Marshall Islands,RU,Goldie.Millda@email.es,IT Specialist,1971-11-20												
204,Tracey,McClimans,Cuiabá,Equatorial Guinea,RW,Tracey.McClimans@email.es,Manager,2003-09-23												
205,Rosene,Corilla,Lima,Nauru,GM,Rosene.Corilla@email.es,Financial Analyst,1983-10-10												
206,Tressa,Tjon,Mexico City,Norfolk Island,MZ,Tressa.Tjon@email.es,Sales Representative,1986-08-14												
207,Sybille,Amadas,Taipei,Marshall Islands,MA,Sybille.Amadas@email.es,Operations Manager,1967-07-07												
208,Mureil,Gaulin,Buffalo,Hong Kong,AT,Mureil.Gaulin@email.es,Marketing Specialist,1947-08-15												
209,Philis,Jeanne,Lanzhou,Ghana,TD,Philis.Jeanne@email.es,Sales Representative,1992-05-26												
210,Ebonee,Vanni,Addis Ababa,Antigua and Barbuda,VG,Ebonee.Vanni@email.es,Financial Analyst,1949-04-24												
211,Hallie,Bohlin,Istanbul,Ireland,UZ,Hallie.Bohlin@email.es,Marketing Specialist,1970-06-11												
212,Bertine,Vale,Jinan,Germany,PW,Bertine.Vale@email.es,Accountant,1983-12-08												
213,Agathe,Armanda,Nagoya,Somalia,JP,Agathe.Armanda@email.es,Sales Representative,1967-01-29												
214,Marti,Lasley,London,Georgia,LR,Marti.Lasley@email.es,Operations Manager,1951-08-01												
215,Kore,Weitman,St. Louis,Tajikistan,AX,Kore.Weitman@email.es,Financial Analyst,1979-07-16												
216,Susette,Diogenes,San Antonio,"Virgin Islands, British",DM,Susette.Diogenes@email.es,HR Specialist,1997-04-25												
217,Bernardine,Herrera,Boa Vista,Iraq,AO,Bernardine.Herrera@email.es,Financial Analyst,1991-04-24												
218,Ruthe,Screens,Quito,Bulgaria,IM,Ruthe.Screens@email.es,Customer Service Representative,1965-05-08												
219,Lyssa,Guthrie,Lisbon,Bulgaria,HT,Lyssa.Guthrie@email.es,IT Specialist,1978-10-08												
220,Gusty,Delacourt,Pristina,India,MG,Gusty.Delacourt@email.es,Sales Representative,2003-04-14												
221,Brandise,Anderea,Osaka,Iceland,GI,Brandise.Anderea@email.es,Manager,1977-09-29												
222,Julieta,Valoniah,Winnipeg,Cyprus,SA,Julieta.Valoniah@email.es,Operations Manager,1965-08-28												
223,Sallie,Stefa,Zürich,Latvia,YE,Sallie.Stefa@email.es,Developer,1994-04-07												
224,Antonietta,Myrilla,Bergen,Ghana,KN,Antonietta.Myrilla@email.es,Manager,1970-07-01												
225,Adele,Berriman,Minneapolis,Sudan,CS,Adele.Berriman@email.es,Customer Service Representative,1966-05-05												
226,Fidelia,Stilwell,Funafuti,"Taiwan, Province of China",BI,Fidelia.Stilwell@email.es,Accountant,1984-02-27												
227,Libbie,Natalia,Maputo,Kyrgyzstan,SA,Libbie.Natalia@email.es,Operations Manager,1948-01-02												
228,Tonia,Scammon,Shenzhen,Thailand,GB,Tonia.Scammon@email.es,Developer,1994-09-16												
229,Anthia,Amand,Port Hedland,Argentina,GI,Anthia.Amand@email.es,Financial Analyst,1956-04-25												
230,Anica,Nea,Perm,Costa Rica,TL,Anica.Nea@email.es,Customer Service Representative,1975-09-14												
231,Helsa,Lesley,Amsterdam,Estonia,PN,Helsa.Lesley@email.es,Manager,1988-04-22												
232,Jessamyn,Roscoe,Riga,Swaziland,YE,Jessamyn.Roscoe@email.es,Financial Analyst,2004-08-27												
233,Brena,Means,Tampere,Canada,NF,Brena.Means@email.es,Accountant,1984-02-26												
234,Lizzie,Magnolia,New Delhi,Anguilla,LI,Lizzie.Magnolia@email.es,Accountant,1957-05-25												
235,Rhoda,Tryck,Zürich,Austria,SL,Rhoda.Tryck@email.es,Customer Service Representative,1972-03-31												
236,Laure,Chem,Huế,Slovenia,IE,Laure.Chem@email.es,Accountant,1992-06-03												
237,Darlleen,Anselmi,Serekunda,Faroe Islands,DZ,Darlleen.Anselmi@email.es,IT Specialist,1982-04-15												
238,Lyssa,Edmund,Jeddah,Jersey,ET,Lyssa.Edmund@email.es,Customer Service Representative,2004-02-26												
239,Gwyneth,Tiffa,Novosibirsk,Bulgaria,LR,Gwyneth.Tiffa@email.es,Financial Analyst,1992-08-27												
240,Chloris,Kylander,Guayaquil,Reunion,SZ,Chloris.Kylander@email.es,Operations Manager,1970-03-13												
241,Dyann,Rossner,Asmara,Norfolk Island,KG,Dyann.Rossner@email.es,Developer,2000-07-06												
242,Cherrita,Rillings,Miami,Slovenia,TJ,Cherrita.Rillings@email.es,Customer Service Representative,1955-10-19												
243,Juliane,Hertzfeld,Zamboanga City,Syrian Arab Republic,KP,Juliane.Hertzfeld@email.es,Sales Representative,2005-05-14												
244,Myriam,Carolin,Jersey City,Palau,IM,Myriam.Carolin@email.es,Financial Analyst,1982-06-21												
245,Gavrielle,Nahum,Dushanbe,Kyrgyzstan,BT,Gavrielle.Nahum@email.es,Financial Analyst,1984-07-17												
246,Wynne,Jacobah,Podgorica,Bahrain,CV,Wynne.Jacobah@email.es,Financial Analyst,1960-08-11												
247,Bernardine,Earlie,Cebu City,"Virgin Islands, British",TG,Bernardine.Earlie@email.es,Accountant,1976-04-05												
248,Sadie,Burkle,Fairbanks,Monaco,BT,Sadie.Burkle@email.es,Sales Representative,1979-08-27												
249,Fina,Klotz,Strasbourg,Tokelau,LR,Fina.Klotz@email.es,Sales Representative,1999-01-13												
250,Alyssa,Marcellus,Munich,Finland,BN,Alyssa.Marcellus@email.es,Accountant,1979-07-14												
251,Farrah,Sammons,Bandar Seri Begawan,United Kingdom,LB,Farrah.Sammons@email.es,Manager,1966-08-30												
252,Tobe,Brieta,Amman,Svalbard and Jan Mayen,UG,Tobe.Brieta@email.es,Marketing Specialist,1991-01-16												
253,Pierette,Rodmann,Cali,Trinidad and Tobago,GD,Pierette.Rodmann@email.es,Marketing Specialist,1991-05-25												
254,Carly,Socha,Toulouse,United Arab Emirates,IE,Carly.Socha@email.es,Developer,1949-09-18												
255,Therine,Emanuel,Kiev,Latvia,CA,Therine.Emanuel@email.es,Customer Service Representative,1979-01-16												
256,Jemie,Gaynor,Charlotte Amalie,"Korea, Democratic People""S Republic of",IE,Jemie.Gaynor@email.es,Marketing Specialist,1992-02-06												
257,Dode,Percy,Guangzhou,Mauritius,WF,Dode.Percy@email.es,Marketing Specialist,2001-12-25												
258,Jaclyn,Laurianne,Kota Bharu,Bahamas,KI,Jaclyn.Laurianne@email.es,HR Specialist,1941-01-20												
259,Ketti,Girardo,Regina,Tonga,TO,Ketti.Girardo@email.es,Accountant,1963-06-18												
260,Lyssa,Erb,Kharkiv,Libyan Arab Jamahiriya,PK,Lyssa.Erb@email.es,Sales Representative,1952-10-16												
261,Evita,Hashim,Avarua,Armenia,WS,Evita.Hashim@email.es,Manager,2003-04-09												
262,Ebonee,Donoghue,Petropavlovsk-Kamchatsky,Sao Tome and Principe,SG,Ebonee.Donoghue@email.es,HR Specialist,2001-05-21												
263,Tilly,Knowling,Dongguan,Guinea,BN,Tilly.Knowling@email.es,Sales Representative,1986-12-02												
264,Adele,Salvidor,Dubai,Kenya,JE,Adele.Salvidor@email.es,Accountant,1976-09-12												
265,Gerrie,Phi,Tampa,Panama,GT,Gerrie.Phi@email.es,Accountant,1980-04-16												
266,Nanete,Joeann,Washington,Malaysia,MK,Nanete.Joeann@email.es,Financial Analyst,1949-06-23												
267,Blondelle,Dosia,Iloilo City,Myanmar,PK,Blondelle.Dosia@email.es,Developer,1950-08-28												
268,Gabriellia,Lay,Taichung,"Cote D""Ivoire",MZ,Gabriellia.Lay@email.es,Accountant,1977-05-22												
269,Deedee,Fiann,Helsinki,Guernsey,TC,Deedee.Fiann@email.es,IT Specialist,1992-06-07												
270,Yolane,Tound,Bulawayo,Finland,PM,Yolane.Tound@email.es,Accountant,2001-09-15												
271,Andeee,Toor,Monaco,"Congo, The Democratic Republic of the",UY,Andeee.Toor@email.es,Accountant,1981-12-03												
272,Alex,Jess,Split (city),RWANDA,MH,Alex.Jess@email.es,Operations Manager,1972-05-10												
273,Janey,Herrera,Durango,Czech Republic,NZ,Janey.Herrera@email.es,Marketing Specialist,1980-06-05												
274,Debee,Frodi,Longyearbyen,Peru,ET,Debee.Frodi@email.es,Operations Manager,1982-11-22												
275,Atlanta,Adore,Avarua,"Taiwan, Province of China",RW,Atlanta.Adore@email.es,Marketing Specialist,1975-04-12												
276,Farrah,Modie,Zürich,Northern Mariana Islands,EC,Farrah.Modie@email.es,Operations Manager,1998-03-26												
277,Fidelia,Goode,Pontianak,Senegal,ZW,Fidelia.Goode@email.es,Marketing Specialist,1969-08-16												
278,Feliza,Emmy,Hanga Roa,Sweden,VI,Feliza.Emmy@email.es,Sales Representative,1944-05-07												
279,Robinia,Sidonius,Manzini,Georgia,AO,Robinia.Sidonius@email.es,Marketing Specialist,1979-01-05												
280,Lizzie,Faria,La Paz,Antarctica,CD,Lizzie.Faria@email.es,HR Specialist,1954-03-05												
281,Jinny,Kauppi,Moscow,Myanmar,EE,Jinny.Kauppi@email.es,IT Specialist,1987-07-08												
282,Kamilah,Annabella,Auckland,Montserrat,SC,Kamilah.Annabella@email.es,Developer,2001-04-25												
283,Veda,Blisse,Mexico City,Eritrea,AS,Veda.Blisse@email.es,Accountant,1964-02-25												
284,Sybille,Mata,Funafuti,Tonga,KE,Sybille.Mata@email.es,Customer Service Representative,1996-03-29												
285,Susan,Skurnik,Conakry,Tunisia,EC,Susan.Skurnik@email.es,Manager,1960-11-21												
286,Lynde,Buckler,Port Hedland,United Arab Emirates,IN,Lynde.Buckler@email.es,IT Specialist,1990-08-24												
287,Nollie,Norrie,Dallas,Afghanistan,ET,Nollie.Norrie@email.es,Customer Service Representative,1946-06-26												
288,Mellicent,Randene,Puerto Williams,Åland Islands,PL,Mellicent.Randene@email.es,Operations Manager,1961-11-04												
289,Lusa,Buttaro,Accra,Norfolk Island,PW,Lusa.Buttaro@email.es,Marketing Specialist,1955-10-07												
290,Corina,Mitzi,City of San Marino,Tokelau,NU,Corina.Mitzi@email.es,HR Specialist,1981-07-09												
291,Chrystel,Roche,Davao City,Montserrat,UZ,Chrystel.Roche@email.es,Financial Analyst,1966-01-03												
292,Tobe,Leopold,Surabaya,El Salvador,EE,Tobe.Leopold@email.es,Operations Manager,1955-07-06												
293,Magdalena,Eckblad,Mérida,Belarus,KZ,Magdalena.Eckblad@email.es,Financial Analyst,2001-09-25												
294,Raquela,Jess,Beijing,Mongolia,MP,Raquela.Jess@email.es,Accountant,1989-09-13												
295,Mariele,Wallis,Bujumbura,Nauru,KN,Mariele.Wallis@email.es,Operations Manager,1997-07-08												
296,Bee,Schroth,Serekunda,Maldives,BR,Bee.Schroth@email.es,HR Specialist,1978-07-14												
297,Andeee,Corilla,Abu Dhabi,Monaco,TR,Andeee.Corilla@email.es,Manager,1959-04-30												
298,Kittie,Edmund,Khartoum,"Korea, Republic of",IR,Kittie.Edmund@email.es,Customer Service Representative,1976-03-28												
299,Tomasina,Astra,Tabriz,Botswana,AW,Tomasina.Astra@email.es,Financial Analyst,1948-09-29												
300,Cordi,Nunci,Kawasaki,Italy,SE,Cordi.Nunci@email.es,Sales Representative,1967-02-27												
301,Winifred,Voletta,Ottawa,Guernsey,CZ,Winifred.Voletta@email.es,Operations Manager,1953-06-09												
302,Gerrie,Ferrell,Gaza,Papua New Guinea,NP,Gerrie.Ferrell@email.es,Accountant,1958-05-28												
303,Randa,Gerge,Rochester,Svalbard and Jan Mayen,HK,Randa.Gerge@email.es,Financial Analyst,1990-12-20												
304,Sonni,Janene,Nouméa,Ukraine,KE,Sonni.Janene@email.es,HR Specialist,1965-04-03												
305,Dania,Hubert,Atlanta,Palau,IS,Dania.Hubert@email.es,IT Specialist,1940-02-06												
306,Allis,Joseph,Bogor,Guam,PE,Allis.Joseph@email.es,Financial Analyst,1972-10-22												
307,Kenna,Lalitta,Quebec City,Ukraine,TC,Kenna.Lalitta@email.es,Manager,1958-09-04												
308,Agnese,Dex,Ashgabat,Martinique,MU,Agnese.Dex@email.es,Developer,1964-12-03												
309,Edee,Cassius,Cork (city),South Africa,HR,Edee.Cassius@email.es,Financial Analyst,1954-12-25												
310,Lacie,Fulmer,Tokyo,Turkey,NC,Lacie.Fulmer@email.es,Manager,1965-08-01												
311,Daune,Gilbertson,Saint-Pierre,Kiribati,AI,Daune.Gilbertson@email.es,Developer,1972-01-18												
312,Desirae,Anderea,Bangalore,Bulgaria,NO,Desirae.Anderea@email.es,Customer Service Representative,1971-06-12												
313,Mariele,Weide,Leeds,Belgium,AM,Mariele.Weide@email.es,Customer Service Representative,1960-03-06												
314,Audrie,Lynn,San Diego,Montserrat,RW,Audrie.Lynn@email.es,Sales Representative,1953-06-15												
315,Susette,Bettine,Omdurman,Morocco,MV,Susette.Bettine@email.es,Customer Service Representative,2003-01-29												
316,Laure,Romelda,Aberdeen,Reunion,UA,Laure.Romelda@email.es,Manager,1978-02-07												
317,Dode,Goth,Bangui,United Kingdom,IO,Dode.Goth@email.es,Sales Representative,1970-10-27												
318,Pamella,Ortrude,Murmansk,Monaco,CG,Pamella.Ortrude@email.es,Accountant,1980-11-07												
319,Jessy,Dermott,Kathmandu,Luxembourg,BB,Jessy.Dermott@email.es,Financial Analyst,2003-05-26												
320,Ashlee,Longfellow,Charlotte Amalie,Norfolk Island,LU,Ashlee.Longfellow@email.es,Sales Representative,1950-02-24												
321,Leona,Hailee,Sitka,Somalia,CS,Leona.Hailee@email.es,Accountant,1954-11-19												
322,Winny,Francene,Liverpool,Chile,NZ,Winny.Francene@email.es,IT Specialist,1990-04-27												
323,Moyna,Lea,Los Angeles,Benin,KE,Moyna.Lea@email.es,IT Specialist,2001-03-24												
324,Emylee,Clarissa,Siem Reap,Pakistan,BF,Emylee.Clarissa@email.es,Manager,1994-10-16												
325,Darlleen,Alexandr,Düsseldorf,Ghana,NG,Darlleen.Alexandr@email.es,Customer Service Representative,1960-12-22												
326,Rayna,Anastatius,Nouméa,Azerbaijan,AI,Rayna.Anastatius@email.es,Manager,1963-11-29												
327,Madelle,Hubert,Mamoudzou,Colombia,MQ,Madelle.Hubert@email.es,Sales Representative,1979-06-20												
328,Aaren,Demitria,Lanzhou,Chad,AM,Aaren.Demitria@email.es,Manager,2000-11-24												
329,Carmencita,Fulmer,Juneau,Netherlands,PM,Carmencita.Fulmer@email.es,Financial Analyst,1968-03-14												
330,Talya,Ciro,Tunis,Saint Helena,TT,Talya.Ciro@email.es,Operations Manager,1998-04-03												
331,Emma,Melony,Peshawar,Qatar,CN,Emma.Melony@email.es,Operations Manager,1994-04-19												
332,Kristina,Merna,Charlotte,Cape Verde,VN,Kristina.Merna@email.es,HR Specialist,1944-07-13												
333,Catrina,Cimbura,Vienna,Comoros,MN,Catrina.Cimbura@email.es,Sales Representative,2005-05-15												
334,Marsiella,Bearnard,Siem Reap,Malaysia,AT,Marsiella.Bearnard@email.es,Manager,1955-08-30												
335,Hallie,Behre,Calgary,Malawi,MS,Hallie.Behre@email.es,Manager,2005-11-10												
336,Bee,Wadell,Chengdu,Egypt,NG,Bee.Wadell@email.es,Marketing Specialist,1996-12-02												
337,Tierney,Hull,Pristina,Malta,KI,Tierney.Hull@email.es,Operations Manager,1970-05-04												
338,Modestia,Billye,Aarhus,Mauritius,PK,Modestia.Billye@email.es,Accountant,1948-07-07												
339,Tilly,Rustice,Asunción,Lithuania,AR,Tilly.Rustice@email.es,HR Specialist,1940-02-01												
340,Fina,Kendrick,Amsterdam,Morocco,JM,Fina.Kendrick@email.es,Operations Manager,1999-06-16												
341,Philis,Cath,Puerto Williams,Cyprus,RE,Philis.Cath@email.es,HR Specialist,1970-09-01												
342,Liana,Kathie,Surabaya,Djibouti,CO,Liana.Kathie@email.es,Financial Analyst,1946-03-25												
343,Vere,Geffner,Kuwait City,Haiti,GT,Vere.Geffner@email.es,Financial Analyst,1946-06-18												
344,Olivette,Ambrosia,Livingstone,Zambia,WF,Olivette.Ambrosia@email.es,Marketing Specialist,1947-03-22												
345,Sue,Koehler,Bandung,Paraguay,MR,Sue.Koehler@email.es,Accountant,1965-05-05												
346,Sibella,Hathaway,Port Hedland,Sri Lanka,BH,Sibella.Hathaway@email.es,HR Specialist,1991-07-05												
347,Dorene,Ricarda,Medan,Equatorial Guinea,LI,Dorene.Ricarda@email.es,Sales Representative,1964-12-27												
348,Jeanna,Winnick,Almaty,Bhutan,PS,Jeanna.Winnick@email.es,Developer,1949-12-25												
349,Magdalena,Rolf,Thimphu,Saint Kitts and Nevis,AN,Magdalena.Rolf@email.es,Marketing Specialist,1972-07-18												
350,Edee,Wolfgram,Luxor,Nicaragua,GF,Edee.Wolfgram@email.es,Sales Representative,1953-12-12												
351,Ida,Ricarda,Bern,Zimbabwe,AM,Ida.Ricarda@email.es,Developer,1951-11-17												
352,Marleah,Pascia,Hamilton,Denmark,SG,Marleah.Pascia@email.es,Operations Manager,1978-09-17												
353,Lesly,Ardeha,Pattaya,Tokelau,BH,Lesly.Ardeha@email.es,Accountant,1973-02-21												
354,Ulrike,Dex,Ludhiana,China,TZ,Ulrike.Dex@email.es,Operations Manager,1992-01-30												
355,Aili,Doig,Perm,Czech Republic,BA,Aili.Doig@email.es,IT Specialist,1973-03-21												
356,Carmela,Genna,Jayapura,Argentina,CN,Carmela.Genna@email.es,Customer Service Representative,1954-11-02												
357,Maud,Maiah,Vaduz,Mayotte,MH,Maud.Maiah@email.es,HR Specialist,1956-09-10												
358,Sheree,Firmin,Memphis,Australia,SC,Sheree.Firmin@email.es,Customer Service Representative,1955-07-01												
359,Imojean,Halla,Saskatoon,Chile,KI,Imojean.Halla@email.es,Marketing Specialist,1968-11-16												
360,Charmaine,Thornburg,Portland,Marshall Islands,LU,Charmaine.Thornburg@email.es,Customer Service Representative,1961-09-05												
361,Gabi,Damarra,Malmö,Macao,PA,Gabi.Damarra@email.es,Developer,1948-10-26												
362,Dianemarie,Ailyn,Veracruz,Sao Tome and Principe,PR,Dianemarie.Ailyn@email.es,Developer,1987-08-23												
363,Annabela,Delila,Santa Cruz de Tenerife,Kiribati,CV,Annabela.Delila@email.es,Developer,1996-05-09												
364,Amelia,Poll,La Serena,South Africa,TO,Amelia.Poll@email.es,Customer Service Representative,1956-11-06												
365,Sean,Chauncey,Chuí,Syrian Arab Republic,NR,Sean.Chauncey@email.es,Customer Service Representative,1970-03-14												
366,Rozele,Gregrory,El Aaiún,Dominican Republic,RO,Rozele.Gregrory@email.es,Financial Analyst,1952-10-04												
367,Odessa,Vastah,Quebec City,American Samoa,CO,Odessa.Vastah@email.es,Sales Representative,1966-01-23												
368,Atlanta,Japeth,Ilhéus,Philippines,BF,Atlanta.Japeth@email.es,Sales Representative,1943-03-23												
369,Amalie,Adamsen,Ljubljana,Mozambique,IT,Amalie.Adamsen@email.es,Developer,1945-07-16												
370,Trudie,Primalia,Adak,Saudi Arabia,DJ,Trudie.Primalia@email.es,Manager,1942-04-03												
371,Kelly,Faro,Montreal,Aruba,BB,Kelly.Faro@email.es,Accountant,1969-01-07												
372,Chastity,Dichy,Lviv,Canada,MV,Chastity.Dichy@email.es,Developer,1993-06-24												
373,Lenna,Plato,Maceió,Malta,AZ,Lenna.Plato@email.es,Accountant,1967-12-24												
374,June,Brunell,Adana,Brazil,AL,June.Brunell@email.es,IT Specialist,1989-01-23												
375,Belva,Bollay,Valdivia,Paraguay,KH,Belva.Bollay@email.es,Financial Analyst,1978-12-11												
376,Hermione,Eachern,Basra,Bosnia and Herzegovina,PE,Hermione.Eachern@email.es,Accountant,1954-10-04												
377,Alie,Billye,Kano,Venezuela,LB,Alie.Billye@email.es,Financial Analyst,2000-11-19												
378,Carly,Vastah,Townsville,Niger,TV,Carly.Vastah@email.es,Marketing Specialist,1954-12-14												
379,Lory,Destinee,Cork (city),Croatia,ET,Lory.Destinee@email.es,Customer Service Representative,1977-03-15												
380,Nerta,Brackely,Strasbourg,Turkey,MH,Nerta.Brackely@email.es,Manager,1947-02-12												
381,Aurore,Jobi,Jeddah,Liechtenstein,FJ,Aurore.Jobi@email.es,Financial Analyst,1976-09-29												
382,Jinny,Anyah,Surat Thani,Philippines,ET,Jinny.Anyah@email.es,Manager,1994-07-14												
383,Katleen,Cleavland,Havana,"Congo, The Democratic Republic of the",SY,Katleen.Cleavland@email.es,Accountant,1978-12-11												
384,Mary,Vastah,Dodoma,Brunei Darussalam,AM,Mary.Vastah@email.es,Accountant,1965-11-20												
385,Oralee,Zuzana,Dhaka,New Zealand,ZW,Oralee.Zuzana@email.es,Marketing Specialist,1941-09-11												
386,Nannie,Gaspard,Maputo,Bermuda,ES,Nannie.Gaspard@email.es,Accountant,1952-08-30												
387,Aurore,Jeanne,Kaliningrad,Netherlands Antilles,TG,Aurore.Jeanne@email.es,Financial Analyst,1941-08-11												
388,Jennica,Vittoria,Dhaka,Georgia,VC,Jennica.Vittoria@email.es,Developer,1967-06-07												
389,Flo,Drisko,Mata-Utu,Slovakia,PL,Flo.Drisko@email.es,Customer Service Representative,1970-07-29												
390,Sue,Abram,Pelotas,Portugal,CK,Sue.Abram@email.es,IT Specialist,1979-06-18												
391,Chere,O'Rourke,Las Vegas,China,GG,Chere.O'Rourke@email.es,Marketing Specialist,1963-01-07												
392,Dania,Janith,Jayapura,"Iran, Islamic Republic Of",GR,Dania.Janith@email.es,Sales Representative,1978-12-04												
393,Berta,Bollay,Oranjestad,Algeria,AW,Berta.Bollay@email.es,HR Specialist,1983-01-04												
394,Fina,Kiersten,Rochester,Slovenia,GI,Fina.Kiersten@email.es,IT Specialist,1947-02-18												
395,Meghann,Raul,Lima,Switzerland,JE,Meghann.Raul@email.es,Manager,1977-05-30												
396,Correy,Jeanne,Bandar Seri Begawan,"Virgin Islands, British",WS,Correy.Jeanne@email.es,IT Specialist,1945-04-24												
397,Jacenta,Sheng,Iqaluit,Zambia,TW,Jacenta.Sheng@email.es,Accountant,1943-11-07												
398,Chastity,Brieta,Kyoto,Suriname,LK,Chastity.Brieta@email.es,Manager,1960-10-05												
399,Quintina,Dreda,Ciudad del Este,Somalia,HT,Quintina.Dreda@email.es,Sales Representative,1985-02-14												
400,Kalina,Fontana,Namangan,Jamaica,FR,Kalina.Fontana@email.es,Sales Representative,1960-01-21												
401,Jany,Shaddock,Makassar,Turkey,VN,Jany.Shaddock@email.es,Accountant,1940-08-29												
402,Ida,Wesle,Albuquerque,Viet Nam,GP,Ida.Wesle@email.es,HR Specialist,1971-08-02												
403,Ottilie,Faust,San José,Mayotte,AU,Ottilie.Faust@email.es,Customer Service Representative,1989-07-19												
404,Minne,McNully,Huế,Myanmar,MD,Minne.McNully@email.es,Manager,1976-10-25												
405,Siana,Trinetta,The Valley,Isle of Man,QA,Siana.Trinetta@email.es,Financial Analyst,1991-11-02												
406,Jolyn,Hertzfeld,Chihuahua,Egypt,ML,Jolyn.Hertzfeld@email.es,IT Specialist,1996-08-06												
407,Edee,Dosia,Niamey,San Marino,TL,Edee.Dosia@email.es,Marketing Specialist,2002-04-06												
408,Caryl,Eben,Aberdeen,Cameroon,FM,Caryl.Eben@email.es,Developer,1999-05-20												
409,Ann-Marie,Stilwell,Asmara,Haiti,EH,Ann-Marie.Stilwell@email.es,Manager,1976-12-14												
410,Tomasina,Corrine,Forked River,Yemen,CK,Tomasina.Corrine@email.es,IT Specialist,2000-04-30												
411,Kirstin,Vary,Nanjing,Finland,HR,Kirstin.Vary@email.es,Accountant,2005-03-10												
412,Jolyn,Socha,South Tarawa,Jordan,ST,Jolyn.Socha@email.es,Operations Manager,1988-03-18												
413,Taffy,Prober,Regina,Pakistan,KG,Taffy.Prober@email.es,Operations Manager,1945-03-13												
414,Andeee,Selway,Shigatse,Zimbabwe,MU,Andeee.Selway@email.es,Financial Analyst,1998-09-07												
415,Nerta,Thilda,Christchurch,Sudan,PS,Nerta.Thilda@email.es,Sales Representative,1992-01-05												
416,Jillayne,Callista,Ushuaia,Suriname,ML,Jillayne.Callista@email.es,Accountant,1969-01-26												
417,Tani,Muriel,Belfast,Greece,QA,Tani.Muriel@email.es,Developer,1945-01-08												
418,Krystle,Kathie,Sacramento,Benin,SE,Krystle.Kathie@email.es,IT Specialist,1965-08-22												
419,Kaja,Urania,Bogotá,Bulgaria,LI,Kaja.Urania@email.es,Developer,1973-11-12												
420,Caryl,Connelly,Freetown,Ecuador,RU,Caryl.Connelly@email.es,Developer,1955-05-08												
421,Riannon,Wiener,Tskhinvali,Burundi,BH,Riannon.Wiener@email.es,Customer Service Representative,1972-06-24												
422,Gavrielle,Roumell,Lagos,"Cote D""Ivoire",IM,Gavrielle.Roumell@email.es,Developer,2005-09-05												
423,Gale,Hirsch,Cannes,Montserrat,VI,Gale.Hirsch@email.es,Customer Service Representative,1958-02-03												
424,Katleen,Goerke,Quetzaltenango,El Salvador,BJ,Katleen.Goerke@email.es,Accountant,1955-05-21												
425,Katuscha,Fontana,Toronto,Russian Federation,TZ,Katuscha.Fontana@email.es,Sales Representative,1972-02-15												
426,Sheelagh,Kronfeld,Almaty,Argentina,PW,Sheelagh.Kronfeld@email.es,HR Specialist,1950-10-12												
427,Pollyanna,Ardra,Sri Jayawardenapura-Kotte,Guatemala,CF,Pollyanna.Ardra@email.es,Operations Manager,1969-03-25												
428,Annabela,Gibbeon,Omdurman,French Southern Territories,NO,Annabela.Gibbeon@email.es,Sales Representative,1943-09-29												
429,Aurelie,Delila,Hong Kong,Guinea,CR,Aurelie.Delila@email.es,HR Specialist,1971-07-17												
430,Almeta,Ethban,Yangon,Jersey,IT,Almeta.Ethban@email.es,Operations Manager,1970-08-29												
431,Ernesta,Weinreb,Davao City,Nepal,HM,Ernesta.Weinreb@email.es,Customer Service Representative,1963-09-30												
432,Alex,Mendez,Budapest,Mali,BR,Alex.Mendez@email.es,Sales Representative,1944-01-20												
433,Ardenia,Ehrman,Seville,Maldives,TG,Ardenia.Ehrman@email.es,Sales Representative,1976-07-11												
434,Gretal,Ciro,Vladivostok,Argentina,US,Gretal.Ciro@email.es,Financial Analyst,1973-09-21												
435,Hayley,Knowling,Xining,Northern Mariana Islands,TM,Hayley.Knowling@email.es,IT Specialist,1944-04-08												
436,Teriann,Edmund,St. John's,Namibia,MR,Teriann.Edmund@email.es,Sales Representative,1996-11-24												
437,Aaren,Franza,Livingstone,Singapore,IL,Aaren.Franza@email.es,HR Specialist,1986-03-14												
438,Mady,Boycey,Dubai,Norfolk Island,GM,Mady.Boycey@email.es,Developer,2003-01-03												
439,Zondra,Karl,Barranquilla,"Korea, Republic of",SA,Zondra.Karl@email.es,Accountant,1966-05-20												
440,Nyssa,Wattenberg,Albuquerque,Bouvet Island,SZ,Nyssa.Wattenberg@email.es,Financial Analyst,1968-10-29												
441,Vita,Pearse,Kingstown,Equatorial Guinea,KG,Vita.Pearse@email.es,Marketing Specialist,1961-11-22												
442,Kittie,Gunn,Cusco,Bermuda,CA,Kittie.Gunn@email.es,Marketing Specialist,1985-03-08												
443,Peri,Lesley,Chongqing,Senegal,RU,Peri.Lesley@email.es,IT Specialist,1998-07-05												
444,Rubie,Stelle,Maceió,Saudi Arabia,RE,Rubie.Stelle@email.es,HR Specialist,1965-10-15												
445,Kate,Hunfredo,Alofi,India,JE,Kate.Hunfredo@email.es,Operations Manager,1966-12-20												
446,Brianna,Angelis,Stockholm,Kuwait,LU,Brianna.Angelis@email.es,HR Specialist,1987-10-15												
447,Flo,Ezar,Canberra,Guinea,AZ,Flo.Ezar@email.es,Accountant,1970-02-16												
448,Cristine,Monaco,Tashkent,United States,RW,Cristine.Monaco@email.es,Marketing Specialist,1960-04-05												
449,Kary,Capello,Surat,Dominican Republic,GP,Kary.Capello@email.es,Accountant,1983-01-17												
450,Tobe,Rodmann,Cartagena,Eritrea,SD,Tobe.Rodmann@email.es,HR Specialist,1985-11-19												
451,Alex,Fillbert,Kawasaki,AndorrA,SN,Alex.Fillbert@email.es,Operations Manager,1989-03-08												
452,Cecile,Ader,Avarua,Luxembourg,NG,Cecile.Ader@email.es,Customer Service Representative,1979-09-03												
453,Kore,Moina,Zagreb,British Indian Ocean Territory,KW,Kore.Moina@email.es,Operations Manager,1969-03-01												
454,Zia,Evangelia,Moroni,Austria,ES,Zia.Evangelia@email.es,Financial Analyst,1960-03-09												
455,Brietta,Saunderson,Horta (Azores),Italy,LV,Brietta.Saunderson@email.es,Operations Manager,1995-10-23												
456,Lucy,Damarra,Bangui,Guinea-Bissau,JM,Lucy.Damarra@email.es,Marketing Specialist,1948-01-11												
457,Gilligan,Edmund,Mendoza,Spain,KG,Gilligan.Edmund@email.es,Marketing Specialist,1984-08-07												
458,Iseabal,Sperling,Kabul,Turks and Caicos Islands,GM,Iseabal.Sperling@email.es,Manager,1976-02-15												
459,Rori,Chrystel,Cotonou,Zimbabwe,BG,Rori.Chrystel@email.es,Accountant,2002-05-08												
460,Katuscha,Lenny,Kawasaki,Guatemala,VC,Katuscha.Lenny@email.es,HR Specialist,1961-05-02												
461,Viki,Alwin,Cannes,Dominica,KH,Viki.Alwin@email.es,Developer,1954-11-06												
462,Farrah,Creamer,Barcelona,Montserrat,NF,Farrah.Creamer@email.es,HR Specialist,1977-01-01												
463,Nataline,Rooney,Rome,Somalia,TK,Nataline.Rooney@email.es,IT Specialist,1982-08-06												
464,Atlanta,Gwenore,Horta (Azores),Sudan,LU,Atlanta.Gwenore@email.es,Developer,1953-10-25												
465,Shaine,Edee,Quetzaltenango,Eritrea,GE,Shaine.Edee@email.es,Sales Representative,1948-02-01												
466,Rebeca,Edvard,Ljubljana,Antigua and Barbuda,CD,Rebeca.Edvard@email.es,Sales Representative,1992-08-08												
467,Shaine,Blase,Brasília,Antarctica,NC,Shaine.Blase@email.es,HR Specialist,1955-04-16												
468,Agathe,Andrel,Gold Coast,Italy,ZM,Agathe.Andrel@email.es,Developer,1963-02-06												
469,Dorthy,Schonfeld,Magadan,Mexico,PA,Dorthy.Schonfeld@email.es,IT Specialist,1943-01-09												
470,Rayna,Westphal,Manzini,Saudi Arabia,GR,Rayna.Westphal@email.es,Accountant,1971-09-17												
471,Morganica,Albertine,Arequipa,Tajikistan,KP,Morganica.Albertine@email.es,IT Specialist,1990-06-20												
472,Eadie,Seessel,Kinshasa,Belarus,BE,Eadie.Seessel@email.es,Sales Representative,1946-09-18												
473,Dacia,Catie,Shanghai,Uganda,MW,Dacia.Catie@email.es,HR Specialist,1985-05-03												
474,Sadie,Janith,Alexandria,Nepal,MD,Sadie.Janith@email.es,HR Specialist,1971-08-21												
475,Adriana,Jess,Dededo,Djibouti,ZW,Adriana.Jess@email.es,Financial Analyst,1983-10-22												
476,Hermione,Aloise,Surabaya,Venezuela,MY,Hermione.Aloise@email.es,Operations Manager,1974-04-12												
477,Ira,Seligman,South Tarawa,French Southern Territories,EG,Ira.Seligman@email.es,Financial Analyst,1960-02-18												
478,Nariko,Rosette,Rawalpindi,American Samoa,LA,Nariko.Rosette@email.es,IT Specialist,2004-09-14												
479,Albertina,Howlyn,Pristina,Cuba,PA,Albertina.Howlyn@email.es,Operations Manager,1986-04-05												
480,Ashlee,McLaughlin,Vatican City,United States,FK,Ashlee.McLaughlin@email.es,Sales Representative,2003-08-25												
481,Jacenta,Thar,Mashhad,Angola,LB,Jacenta.Thar@email.es,IT Specialist,1992-07-10												
482,Xylina,Dowski,Niamey,Haiti,LK,Xylina.Dowski@email.es,Sales Representative,1981-06-23												
483,Leontine,Kazimir,Srinagar,Algeria,JO,Leontine.Kazimir@email.es,Marketing Specialist,1986-06-17												
484,Ada,Bakerman,Vatican City,Nicaragua,LK,Ada.Bakerman@email.es,HR Specialist,1992-02-09												
485,Paola,Belldas,Macapá,United States Minor Outlying Islands,ET,Paola.Belldas@email.es,Accountant,1979-02-14												
486,Evita,Fleeta,Cologne,Bahamas,SR,Evita.Fleeta@email.es,IT Specialist,1990-01-20												
487,Krystle,Hessler,Palembang,Philippines,PW,Krystle.Hessler@email.es,Accountant,1992-10-16												
488,Kayla,Brodench,Moroni,Germany,GF,Kayla.Brodench@email.es,HR Specialist,1991-01-03												
489,Nicoli,Hollingsworth,San Salvador,"Virgin Islands, British",AI,Nicoli.Hollingsworth@email.es,Customer Service Representative,1984-08-29												
490,Mary,Sallyann,Zanzibar City,Guinea,MM,Mary.Sallyann@email.es,Financial Analyst,1949-05-23												
491,Jessamyn,Lucienne,Santiago de Cuba,Nicaragua,AZ,Jessamyn.Lucienne@email.es,IT Specialist,1970-03-30												
492,Deirdre,McAdams,Peshawar,Trinidad and Tobago,HT,Deirdre.McAdams@email.es,Manager,1972-07-20												
493,Nonnah,Paton,Xining,"Korea, Democratic People""S Republic of",AT,Nonnah.Paton@email.es,Sales Representative,1964-04-02												
494,Merle,Calhoun,Vancouver,Canada,BB,Merle.Calhoun@email.es,Marketing Specialist,1976-02-19												
495,Catrina,Kesley,San Juan,Madagascar,MG,Catrina.Kesley@email.es,Accountant,2000-03-30												
496,Catrina,Hylan,Dodoma,Argentina,TV,Catrina.Hylan@email.es,IT Specialist,1990-05-31												
497,Georgina,McCutcheon,Chennai,Slovakia,GW,Georgina.McCutcheon@email.es,HR Specialist,1988-12-06												
498,Sabina,Tippets,Luxembourg (city),Montserrat,GA,Sabina.Tippets@email.es,HR Specialist,1991-01-31												
499,Fanny,Haerr,Dhaka,Gambia,SC,Fanny.Haerr@email.es,Manager,1951-01-31												
500,Flo,Oneida,Invercargill,Norway,HT,Flo.Oneida@email.es,Accountant,1978-08-13												